{
    "DQ_Job_Name": "dw_report.mktg_fb_campaign_d",
    "DQ_Job_Desc": "Verify Dimension data - SCD",
    "DQ_Job_Group_Level3": "Marketing - Facebook Paid Marketing",
    "DQ_Pod": "Marketing Facebook",
    "DQ_Table_Name": "dw_report.mktg_fb_campaign_d",
    "DQ_Query": "select campaign_id, count(*), 'FAILURE' dq_status from mktg_fb_campaign_d where curr_in = 1 group by campaign_id having count(*) >1;",
    "Fail_On_Error": "No",
    "Email_TO": "marketing-analytics@nerdwallet.com,dwh@nerdwallet.com",
    "DQ_Job_Group_Level2": "Vertical",
    "Email_CC": "",
    "DQ_Check_Type": "ETL DQ Check",
    "DQ_Job_Group_Level1": "mktg_fb_campaign_d",
    "Email_FROM": "dwh-dq@nerdwallet.com"
}