{
    "DQ_Job_Name": "click event work table",
    "DQ_Job_Group_Level1": "click event",
    "DQ_Job_Group_Level2": "Horizontal",
    "DQ_Job_Group_Level3": "DW Core - Events",
    "DQ_Job_Desc": "Report clicks event data counts at working table",
    "Email_TO": "dwh@nerdwallet.com", 
    "Email_CC": "",
    "Email_FROM": "dwh-dq@nerdwallet.com",
    "Fail_On_Error": "No",
    "DQ_Query": "select dw_src_sys_id,eventname,trunc(sysdate) todays_dt ,max(trunc(timestamp)) last_event_dt,count(1) from dw_stage.click_event_post_s group by 1,2  order by 1,2 ;"
}
