{
    "dq_job_name": "mktg_fb_multi_step_offline_conv_upload_f",
    "dq_job_group_level1": "Digital Marketing",
    "dq_job_group_level2": "campaign performance",
    "dq_job_group_level3": "Data availability",
    "dq_job_desc": "Data Availability in mktg_fb_multi_step_offline_conv_upload_f",
    "email_to": "marketing-analytics@nerdwallet.com",
    "email_cc": "",
    "email_from": "dwh-dq@nerdwallet.com",
    "fail_on_error": "No",
    "run_as_command": "",
    "dq_priority_group": "P1",
    "dq_table_name": "dw_report.mktg_fb_multi_step_offline_conv_upload_f",
    "dq_check_type": "DWH",
    "dq_pod": "Marketing",
    "dq_spec_json": "",
    "dq_query": "select
'mktg_fb_multi_step_offline_conv_upload_f' Data_Source,
cal.cal_dt,
fact.cnt,
case when coalesce(fact.cnt,0) > 0 then 'SUCCESS' else 'WARNING' end dq_status
from
(select * from dw_report.dw_date_d 
 where 
   cal_dt not in ('2017-01-16', '2017-02-02', '2017-02-09', '2017-03-01','2017-04-14','2017-06-05','2017-06-06','2017-07-27','2017-07-29','2017-07-31')
and cal_dt not in ('2017-09-08','2017-10-01','2017-10-02','2017-12-03','2017-12-04','2017-12-20','2018-01-06','2018-03-04','2018-03-05','2018-05-10','2018-05-16','2018-05-31','2018-06-10')
and cal_dt not between '2017-06-21' and '2017-06-25'
and cal_dt not between '2017-03-12' and '2017-03-15'
   and cal_dt between '2016-12-12' and (select max(dw_snapshot_dt) from dw_report.mktg_fb_multi_step_offline_conv_upload_f)) cal
left join
(select dw_snapshot_dt, count(1) cnt from dw_report.mktg_fb_multi_step_offline_conv_upload_f group by 1 ) fact
on cal.cal_dt = fact.dw_snapshot_dt
where
coalesce(fact.cnt,0) = 0
order by cal.cal_dt desc ;",
    "dq_action": "Check ETL and exclude those dates from SQL if it's valid warning",
    "email_report": "",
    "dq_summary_logging_in_db": "",
    "github_code": "https://github.com/NerdWallet/dwh/blob/master/Scripts/mktg_fb_multi_step_offline_conv_upload_f/pythonscripts/mktg_fb_multi_step_offline_conv_upload_f_data_availability.json"
}
