{
    "DQ_Job_Name": "mktg_fb_multi_step_offline_conv_upload_f_upload_stats",
    "DQ_Job_Desc": "Number of UVs uploaded to FB from offline TXN data for retargeting - src : mktg_fb_multi_step_offline_conv_upload_f",
    "DQ_Job_Group_Level3": "Marketing - FB Retargeting ",
    "DQ_Pod": "Marketing Facebook",
    "DQ_Table_Name": "dw_report.mktg_fb_multi_step_offline_conv_upload_f",
    "DQ_Query": "\n\nselect 'mktg_fb_multi_step_offline_conv_upload_f' Data_Source,dw_snapshot_dt, count(1) cnt from dw_report.mktg_fb_multi_step_offline_conv_upload_f group by 2 order by 2 desc limit 30 ;\n\n",
    "Fail_On_Error": "No",
    "Email_TO": "marketing-analytics@nerdwallet.com,jgorrell@nerdwallet.com,ssundara@nerdwallet.com,jyoo@nerdwallet.com",
    "DQ_Job_Group_Level2": "Vertical",
    "Email_CC": "",
    "DQ_Check_Type": "Business DQ Check",
    "DQ_Job_Group_Level1": "Marketing",
    "Email_FROM": "dwh-dq@nerdwallet.com"
}