{
    "DQ_Job_Name": "mktg_fb_multi_step_offline_conv_breakdown_upload_stats",
    "DQ_Job_Desc": "Number of UVs uploaded to FB from offline TXN data for retargeting by source system - src : mktg_fb_multi_step_offline_conv_upload_f",
    "DQ_Job_Group_Level3": "Marketing - FB Retargeting ",
    "DQ_Pod": "Marketing Facebook",
    "DQ_Table_Name": "dw_report.mktg_fb_multi_step_offline_conv_upload_f",
    "DQ_Query": "\n\nselect dw_snapshot_dt, src_sys_id,count(1) txn_count, count(distinct site_uv_id) unique_uv_count, sum( replace(commission_am,'$','')) sum_commission_am\nfrom dw_report.mktg_fb_multi_step_offline_conv_upload_f \nwhere dw_snapshot_dt = (select max(dw_snapshot_dt) from dw_report.mktg_fb_multi_step_offline_conv_upload_f) \ngroup by 1,2 \norder by 2 asc ;\n\n",
    "Fail_On_Error": "No",
    "Email_TO": "marketing-analytics@nerdwallet.com,jgorrell@nerdwallet.com,ssundara@nerdwallet.com,jyoo@nerdwallet.com",
    "DQ_Job_Group_Level2": "Vertical",
    "Email_CC": "",
    "DQ_Check_Type": "Business DQ Check",
    "DQ_Job_Group_Level1": "Marketing",
    "Email_FROM": "dwh-dq@nerdwallet.com"
}