{
    "DQ_Job_Name": "aflt_tran_cc_missing_prog - detected possible missing transactions from partner",
    "DQ_Job_Desc": "Daily DQ check for Credit Card partner transactions. WARNINGS mean we have not received any transactions from the partner for longer than the expected cadence OR the ETL was not loaded. Please see the <a href=\"https://nerdwallet.atlassian.net/wiki/display/BIZANA/DQ+Check%3A+aflt_tran_cc_missing_prog\">wiki</a> for more information.",
    "DQ_Job_Group_Level3": "DWH - Transactions",
    "DQ_Pod": "Credit Cards",
    "DQ_Table_Name": "dw_report.dw_aflt_tran_log",
    "DQ_Query": "\nSELECT a.src_aflt_prog_nm, c.aflt_network_nm, b.src_file_received_dt AS dw_eff_dt, cast(trunc(b.dw_load_ts) AS VARCHAR) AS dq_date, a.cadence_txt AS expected_cadence,\nCASE\n    WHEN b.src_file_received_dt IS NULL THEN  'WARNING'\n    WHEN datediff(day, trunc(b.dw_load_ts), CURRENT_DATE) >= (CASE WHEN a.cadence_txt = 'Daily' THEN 1 ELSE 9999 END) THEN 'WARNING'\n    WHEN datediff(day, trunc(b.dw_load_ts), CURRENT_DATE) >= (CASE WHEN a.cadence_txt = 'Weekly' THEN 7 ELSE 9999 END) THEN 'WARNING'\n    WHEN datediff(day, trunc(b.dw_load_ts), CURRENT_DATE) >= (CASE WHEN a.cadence_txt = 'Monthly' THEN 31 ELSE 9999 END) THEN 'WARNING'\n    WHEN datediff(day, b.src_file_received_dt, b.dw_load_ts) > (CASE WHEN a.cadence_txt = 'Daily' THEN 1 ELSE 9999 END) THEN 'WARNING'\n    WHEN datediff(day, b.src_file_received_dt, b.dw_load_ts) > (CASE WHEN a.cadence_txt = 'Weekly' THEN 7 ELSE 9999 END) THEN 'WARNING'\n    WHEN datediff(day, b.src_file_received_dt, b.dw_load_ts) > (CASE WHEN a.cadence_txt = 'Monthly' THEN 31 ELSE 9999 END) THEN 'WARNING'\n    ELSE 'SUCCESS' END dq_status,\nCASE\n    WHEN b.src_file_received_dt is null THEN  'No ETL Load'\n    WHEN datediff(day, trunc(b.dw_load_ts), CURRENT_DATE) >= (CASE WHEN a.cadence_txt = 'Daily' THEN 1 ELSE 9999 END) THEN concat(concat('No ETL load for ', cast(datediff(day, trunc(b.dw_load_ts), CURRENT_DATE)as varchar)), ' day(s)')\n    WHEN datediff(day, trunc(b.dw_load_ts), CURRENT_DATE) >= (CASE WHEN a.cadence_txt = 'Weekly' THEN 7 ELSE 9999 END) THEN concat(concat('No ETL load for ', cast(datediff(day, trunc(b.dw_load_ts), CURRENT_DATE)as varchar)), ' day(s)')\n    WHEN datediff(day, trunc(b.dw_load_ts), CURRENT_DATE) >= (CASE WHEN a.cadence_txt = 'Monthly' THEN 31 ELSE 9999 END) THEN concat(concat('No ETL load for ', cast(datediff(day, trunc(b.dw_load_ts), CURRENT_DATE)as varchar)), ' day(s)')\n    WHEN datediff(day, b.src_file_received_dt, b.dw_load_ts) > (CASE WHEN a.cadence_txt = 'Daily' THEN 1 ELSE 9999 END) THEN concat(concat('No transactions for ', cast(datediff(day, b.src_file_received_dt, b.dw_load_ts)as varchar)), ' days')\n    WHEN datediff(day, b.src_file_received_dt, b.dw_load_ts) > (CASE WHEN a.cadence_txt = 'Weekly' THEN 7 ELSE 9999 END) THEN concat(concat('No transactions for ', cast(datediff(day, b.src_file_received_dt, b.dw_load_ts)as varchar)), ' days')\n    WHEN datediff(day, b.src_file_received_dt, b.dw_load_ts) > (CASE WHEN a.cadence_txt = 'Monthly' THEN 31 ELSE 9999 END) THEN concat(concat('No transactions for ', cast(datediff(day, b.src_file_received_dt, b.dw_load_ts)as varchar)), ' days')\n    END dq_message,\nCASE\n    WHEN b.src_file_received_dt is null THEN  'DWH Team'\n    WHEN datediff(day, trunc(b.dw_load_ts), CURRENT_DATE) >= (CASE WHEN a.cadence_txt = 'Daily' THEN 1 ELSE 9999 END) THEN 'DWH Team'\n    WHEN datediff(day, trunc(b.dw_load_ts), CURRENT_DATE) >= (CASE WHEN a.cadence_txt = 'Weekly' THEN 7 ELSE 9999 END) THEN 'DWH Team'\n    WHEN datediff(day, trunc(b.dw_load_ts), CURRENT_DATE) >= (CASE WHEN a.cadence_txt = 'Monthly' THEN 31 ELSE 9999 END) THEN 'DWH Team'\n    WHEN datediff(day, b.src_file_received_dt, b.dw_load_ts) > (CASE WHEN a.cadence_txt = 'Daily' THEN 1 ELSE 9999 END) THEN 'John L.'\n    WHEN datediff(day, b.src_file_received_dt, b.dw_load_ts) > (CASE WHEN a.cadence_txt = 'Weekly' THEN 7 ELSE 9999 END) THEN 'John L.'\n    WHEN datediff(day, b.src_file_received_dt, b.dw_load_ts) > (CASE WHEN a.cadence_txt = 'Monthly' THEN 31 ELSE 9999 END) THEN 'John L.'\n    END dq_owner\nFROM dw_report.dw_aflt_prog_nm_d a\nLEFT JOIN\n    (SELECT aflt_id, lower(prog_nm) as prog_nm, max(src_file_received_dt) AS src_file_received_dt, max(dw_load_ts) AS dw_load_ts from dw_report.dw_aflt_tran_log where trunc(dw_load_ts) > dateadd(d, -31, CURRENT_DATE) GROUP BY 1,2) b\n      on a.aflt_network_id = b.aflt_id and lower(a.src_aflt_prog_nm) = lower(b.prog_nm)\nLEFT JOIN dw_report.dw_aflt_network_d c ON a.aflt_network_id = c.aflt_network_id\nWHERE\n  a.tracking = 1\n  AND\n  a.verticals_txt like '%Credit Cards%'\nORDER BY dq_status DESC;\n",    
    "DQ_Priority_Group": "P1",
    "Fail_On_Error": "No",
    "Email_TO": "kshrinivas@nerdwallet.com, vkatta@nerdwallet.com, jportwood@nerdwallet.com, akhajekar@nerdwallet.com, vgupta@nerdwallet.com, dcai@nerdwallet.com, glam@nerdwallet.com, erowe@nerdwallet.com, marketing-analytics@nerdwallet.com, dhom@nerdwallet.com",
    "DQ_Job_Group_Level2": "Credit Cards",
    "Email_CC": "",
    "DQ_Summary_Logging_in_DB": "No",
    "DQ_Check_Type": "Business DQ Check",
    "DQ_Job_Group_Level1": "Transaction",
    "Github_Code": "https://github.com/NerdWallet/dwh/tree/master/Scripts/aflt_tran_dq/pythonscripts/aflt_tran_cc_missing_prog.json",
    "Email_FROM": "DWH-DQ@nerdwallet.com"
}
