{
    "DQ_Job_Name": "aflt_tran_banking_missing_prog - detected possible missing transactions from partner",
    "DQ_Job_Desc": "Daily DQ check for Banking partner transactions. WARNINGS mean we have not received any transactions from the partner for longer than the expected cadence OR the ETL was not loaded.",
    "DQ_Job_Group_Level3": "DWH - Transactions",
    "DQ_Pod": "Banking",
    "DQ_Table_Name": "dw_report.dw_aflt_tran_log",
    "DQ_Priority_Group": "P1",
    "Fail_On_Error": "No",
    "Email_TO": "lowens@nerdwallet.com,  kshrinivas@nerdwallet.com, vkatta@nerdwallet.com, jportwood@nerdwallet.com, akhajekar@nerdwallet.com, erowe@nerdwallet.com, estevens@nerdwallet.com, marketing-analytics@nerdwallet.com, dhom@nerdwallet.com, mike@nerdwallet.com, acollatos@nerdwallet.com",
    "DQ_Job_Group_Level2": "Banking",
    "Email_CC": "",
    "DQ_Summary_Logging_in_DB": "No",
    "DQ_Check_Type": "Business DQ Check",
    "DQ_Job_Group_Level1": "Transaction",
    "Github_Code": "https://github.com/NerdWallet/dwh/tree/master/Scripts/aflt_tran_dq/pythonscripts/aflt_tran_banking_missing_prog.json",
    "Email_FROM": "DWH-DQ@nerdwallet.com",
    "DQ_Query": "
        SELECT a.src_aflt_prog_nm, c.aflt_network_nm, b.src_file_received_dt AS dw_eff_dt, cast(trunc(b.dw_load_ts) AS VARCHAR) AS dq_date, a.cadence_txt AS expected_cadence,
        CASE
            WHEN b.src_file_received_dt IS NULL THEN  'WARNING'
            WHEN datediff(day, trunc(b.dw_load_ts), CURRENT_DATE) >= (CASE WHEN a.cadence_txt = 'Daily' THEN 1 ELSE 9999 END) THEN 'WARNING'
            WHEN datediff(day, trunc(b.dw_load_ts), CURRENT_DATE) >= (CASE WHEN a.cadence_txt = 'Weekly' THEN 7 ELSE 9999 END) THEN 'WARNING'
            WHEN datediff(day, trunc(b.dw_load_ts), CURRENT_DATE) >= (CASE WHEN a.cadence_txt = 'Monthly' THEN 31 ELSE 9999 END) THEN 'WARNING'
            WHEN datediff(day, b.src_file_received_dt, b.dw_load_ts) > (CASE WHEN a.cadence_txt = 'Daily' THEN 2 ELSE 9999 END) THEN 'WARNING'
            WHEN datediff(day, b.src_file_received_dt, b.dw_load_ts) > (CASE WHEN a.cadence_txt = 'Weekly' THEN 7 ELSE 9999 END) THEN 'WARNING'
            WHEN datediff(day, b.src_file_received_dt, b.dw_load_ts) > (CASE WHEN a.cadence_txt = 'Monthly' THEN 31 ELSE 9999 END) THEN 'WARNING'
            ELSE 'SUCCESS' END dq_status,
        CASE
            WHEN b.src_file_received_dt is null THEN  'No ETL Load'
            WHEN datediff(day, trunc(b.dw_load_ts), CURRENT_DATE) >= (CASE WHEN a.cadence_txt = 'Daily' THEN 1 ELSE 9999 END) THEN concat(concat('No ETL load for ', cast(datediff(day, trunc(b.dw_load_ts), CURRENT_DATE)as varchar)), ' day(s)')
            WHEN datediff(day, trunc(b.dw_load_ts), CURRENT_DATE) >= (CASE WHEN a.cadence_txt = 'Weekly' THEN 7 ELSE 9999 END) THEN concat(concat('No ETL load for ', cast(datediff(day, trunc(b.dw_load_ts), CURRENT_DATE)as varchar)), ' day(s)')
            WHEN datediff(day, trunc(b.dw_load_ts), CURRENT_DATE) >= (CASE WHEN a.cadence_txt = 'Monthly' THEN 31 ELSE 9999 END) THEN concat(concat('No ETL load for ', cast(datediff(day, trunc(b.dw_load_ts), CURRENT_DATE)as varchar)), ' day(s)')
            WHEN datediff(day, b.src_file_received_dt, b.dw_load_ts) > (CASE WHEN a.cadence_txt = 'Daily' THEN 2 ELSE 9999 END) THEN concat(concat('No transactions for ', cast(datediff(day, b.src_file_received_dt, b.dw_load_ts)as varchar)), ' days')
            WHEN datediff(day, b.src_file_received_dt, b.dw_load_ts) > (CASE WHEN a.cadence_txt = 'Weekly' THEN 7 ELSE 9999 END) THEN concat(concat('No transactions for ', cast(datediff(day, b.src_file_received_dt, b.dw_load_ts)as varchar)), ' days')
            WHEN datediff(day, b.src_file_received_dt, b.dw_load_ts) > (CASE WHEN a.cadence_txt = 'Monthly' THEN 31 ELSE 9999 END) THEN concat(concat('No transactions for ', cast(datediff(day, b.src_file_received_dt, b.dw_load_ts)as varchar)), ' days')
            END dq_message,
        CASE
            WHEN b.src_file_received_dt is null THEN  'DWH Team'
            WHEN datediff(day, trunc(b.dw_load_ts), CURRENT_DATE) >= (CASE WHEN a.cadence_txt = 'Daily' THEN 1 ELSE 9999 END) THEN 'DWH Team'
            WHEN datediff(day, trunc(b.dw_load_ts), CURRENT_DATE) >= (CASE WHEN a.cadence_txt = 'Weekly' THEN 7 ELSE 9999 END) THEN 'DWH Team'
            WHEN datediff(day, trunc(b.dw_load_ts), CURRENT_DATE) >= (CASE WHEN a.cadence_txt = 'Monthly' THEN 31 ELSE 9999 END) THEN 'DWH Team'
            WHEN datediff(day, b.src_file_received_dt, b.dw_load_ts) > (CASE WHEN a.cadence_txt = 'Daily' THEN 2 ELSE 9999 END) THEN 'DWH Team'
            WHEN datediff(day, b.src_file_received_dt, b.dw_load_ts) > (CASE WHEN a.cadence_txt = 'Weekly' THEN 7 ELSE 9999 END) THEN 'DWH Team'
            WHEN datediff(day, b.src_file_received_dt, b.dw_load_ts) > (CASE WHEN a.cadence_txt = 'Monthly' THEN 31 ELSE 9999 END) THEN 'DWH Team'
            END dq_owner
        FROM dw_report.dw_aflt_prog_nm_d a
        LEFT JOIN
            (SELECT aflt_id, lower(prog_nm) as prog_nm, max(src_file_received_dt) AS src_file_received_dt, max(dw_load_ts) AS dw_load_ts from dw_report.dw_aflt_tran_log where trunc(dw_load_ts) > dateadd(d, -31, CURRENT_DATE) GROUP BY 1,2) b
              on a.aflt_network_id = b.aflt_id and lower(a.src_aflt_prog_nm) = lower(b.prog_nm)
        LEFT JOIN dw_report.dw_aflt_network_d c ON a.aflt_network_id = c.aflt_network_id
        WHERE
          a.tracking = 1
          AND
          a.verticals_txt like '%Banking%'
        ORDER BY dq_status DESC;
    "
}
