{
    "dq_job_name": "dw_report.mktg_fb_campaign_perf_f",
    "dq_job_group_level1": "Digital Marketing",
    "dq_job_group_level2": "campaign performance",
    "dq_job_group_level3": "Data availability",
    "dq_job_desc": "Data Availability in dw_report.mktg_fb_campaign_perf_f",
    "email_to": "marketing-analytics@nerdwallet.com",
    "email_cc": "",
    "email_from": "dwh-dq@nerdwallet.com",
    "fail_on_error": "No",
    "run_as_command": "",
    "dq_priority_group": "P1",
    "dq_table_name": "dw_report.mktg_fb_campaign_perf_f",
    "dq_check_type": "DWH",
    "dq_pod": "Marketing",
    "dq_spec_json": "",
    "dq_query": "SELECT
        'mktg_fb_campaign_perf_f' Data_Source,
        cal.cal_dt,
        fact.cnt,
        'WARNING' as dq_status
    FROM
        (SELECT
             *
         FROM
             dw_report.dw_date_d
         WHERE
             cal_dt > '2015-11-29' AND
             cal_dt between '2015-10-05' AND
             (SELECT
                  MAX(dw_eff_dt)
              FROM
                  mktg_fb_campaign_perf_f)
         ) cal
         LEFT JOIN
             (SELECT
                  dw_eff_dt, COUNT(1) cnt
              FROM
                  dw_report.mktg_fb_campaign_perf_f
              GROUP BY 1
             ) fact
         ON
             cal.cal_dt = fact.dw_eff_dt
    WHERE
         COALESCE(fact.cnt,0) = 0
    ORDER BY
        cal.cal_dt DESC ;",
    "dq_action": "Check ETL and exclude those dates from SQL if it's valid warning",
    "email_report": "",
    "dq_summary_logging_in_db": "",
    "github_code": "https://github.com/NerdWallet/dwh/blob/master/Scripts/mktg_fb_campaign_perf_f/pythonscripts/mktg_fb_campaign_perf_f_data_availability.json"
}
