{
    "DQ_Job_Name": "mktg_Facebook_Monthly_Spent",
    "DQ_Job_Desc": "Facebook Monthly Spent",
    "DQ_Job_Group_Level3": "Marketing",
    "DQ_Pod": "Marketing Facebook",
    "DQ_Table_Name": "dw_report.mktg_fb_campaign_perf_f",
    "DQ_Query": "\nSELECT\n     acct_desc_nm\n    ,yyyy_mm\n    ,SUM(inline_link_clicks_ct) clicks_ct\n    ,SUM(imprsn_ct) imprsn_ct\n    ,SUM(spend_am) spend\nFROM\n   (SELECT\n       f.*, DATE_PART(year, dw_eff_dt)||'-'||DATE_PART(month, dw_eff_dt) yyyy_mm\n    FROM dw_report.mktg_fb_campaign_perf_f f\n   ) fact\nGROUP BY\n   1,2\nORDER BY\n   1,2 DESC\n;\n\n",
    "Fail_On_Error": "No",
    "Email_TO": "marketing-analytics@nerdwallet.com,jyoo@nerdwallet.com,ssundara@nerdwallet.com,cwhittle@nerdwallet.com",
    "DQ_Job_Group_Level2": "Horizontal",
    "Email_CC": "",
    "DQ_Check_Type": "Business DQ Check",
    "DQ_Job_Group_Level1": "Marketing Facebook",
    "Email_FROM": "dwh-dq@nerdwallet.com"
}