{
	"DQ_Job_Name": "consolidated fact - Check if Tran_rev_rlzd_dt is null",
	"DQ_Job_Group_Level1": "consolidated fact",
	"DQ_Job_Group_Level2": "Horizontal",
	"DQ_Job_Group_Level3": "DWH Transactions",
        "DQ_Job_Desc": "Report -Check if Tran_rev_rlzd_dt is null.  \n\nPlease refer to the following link for metric definitions and thresholds.\nhttps://nerdwallet.atlassian.net/wiki/display/BIZANA/DQ+Check+Queries",
        "Github_Code":"https://github.com/NerdWallet/dwh/tree/master/Scripts/aflt_tran_consolidated_fact/pythonscripts/check_Tran_rev_rlzd_dt.json",
	"Email_TO": "analytics@nerdwallet.com", 
	"Email_CC": "",
	"Email_FROM": "dwh-dq@nerdwallet.com",
	"Fail_On_Error": "No",
	"DQ_Query": "
		select prog_nm \"Program\",a.dw_catg_nm \"Vertical\",
		sum(case when tran_rev_rlzd_dt is null then 1 else 0 end) \"Txn count\",
		round(sum(case when tran_rev_rlzd_dt is null then 1 else 0 end)*100.00/count(1),2)||'%'  \"Txn count(in %)\",
		case when abs(sum(case when tran_rev_rlzd_dt is null then 1 else 0 end)*100.00/count(1)) between 0 and 1 then 'SUCCESS' 
       		 when abs(sum(case when tran_rev_rlzd_dt is null then 1 else 0 end)*100.00/count(1)) between 1 and 5 then 'WARNING'
       		 else 'FAILURE' 
  			 end as dq_status 
		from 
		dw_report.dw_aflt_tran_consolidated_f a 
		where revenue_tran_in='True' and a.dw_eff_dt between sysdate-30 and sysdate
		group by 1,2
		having sum(case when tran_rev_rlzd_dt is null then 1 else 0 end)>0
		order by 1;	
 "
}
