{
	"DQ_Job_Name": "Compare last 7 day avg Commission vs last 30 day avg",
	"DQ_Job_Group_Level1": "consolidated fact",
	"DQ_Job_Group_Level2": "Horizontal",
	"DQ_Job_Group_Level3": "DWH Transactions",
        "DQ_Job_Desc": "Report - Compares the avg commission amount and transaction count for the last 7 days against 30 days prior to it. \n\nPlease refer to the following link for metric definitions and thresholds.\nhttps://nerdwallet.atlassian.net/wiki/display/BIZANA/DQ+Check+Queries",
        "Github_Code":"https://github.com/NerdWallet/dwh/tree/master/Scripts/aflt_tran_consolidated_fact/pythonscripts/cmpre_avg_comm.json",
	"Email_TO": "analytics@nerdwallet.com", 
	"Email_CC": "",
	"Email_FROM": "dwh-dq@nerdwallet.com",
	"Fail_On_Error": "No",
	"DQ_Query": "
Select prog_nm \"Program\",verticals_txt \"Verticals\",round(comm,0) \"Avg Commission Amount-Last 7 days\",prct_avg_comm_dev \"Commission deviation(%)\",round(txn_ct,0) \"Avg Txns-Last 7 days\",prct_avg_ct_dev \"Txns deviation(%)\",
case when DQ_Status_prct_avg_comm_dev = 'SUCCESS' and DQ_Status_prct_avg_ct_dev='SUCCESS' then 'SUCCESS'
     when DQ_Status_prct_avg_comm_dev = 'SUCCESS' and DQ_Status_prct_avg_ct_dev='WARNING' then 'WARNING'
     when DQ_Status_prct_avg_comm_dev = 'WARNING' and DQ_Status_prct_avg_ct_dev='SUCCESS' then 'WARNING'
     when DQ_Status_prct_avg_comm_dev = 'WARNING' and DQ_Status_prct_avg_ct_dev='WARNING' then 'WARNING'
     else 'FAILURE' end as dq_status
from
(Select crrnt.prog_nm,verticals_txt,
crrnt.avg_comm comm,
round(coalesce((crrnt.avg_comm-coalesce(hist.avg_comm,0))*100.00/nullif(hist.avg_comm,0),crrnt.avg_comm),2)||'%' prct_avg_comm_dev,
Case when abs(coalesce((crrnt.avg_comm-coalesce(hist.avg_comm,0))*100.00/nullif(hist.avg_comm,0),crrnt.avg_comm)) <10 then 'SUCCESS'
     when abs(coalesce((crrnt.avg_comm-coalesce(hist.avg_comm,0))*100.00/nullif(hist.avg_comm,0),crrnt.avg_comm)) between 10 and 20 then 'WARNING'
     else 'FAILURE' end DQ_Status_prct_avg_comm_dev,
crrnt.avg_ct txn_ct,
round(coalesce((crrnt.avg_ct-coalesce(hist.avg_ct,0))*100.00/nullif(hist.avg_ct,0),crrnt.avg_ct),2)||'%' prct_avg_ct_dev,
Case when abs(coalesce((crrnt.avg_ct-coalesce(hist.avg_ct,0))*100.00/nullif(hist.avg_ct,0),crrnt.avg_ct)) <10 then 'SUCCESS'
     when abs(coalesce((crrnt.avg_ct-coalesce(hist.avg_ct,0))*100.00/nullif(hist.avg_ct,0),crrnt.avg_ct)) between 10 and 20 then 'WARNING'
     else 'FAILURE' end DQ_Status_prct_avg_ct_dev
from
(Select prog_nm,verticals_txt,sum(case when revenue_tran_in='True' then commission_am else 0 end)*1.00/count(distinct tran_rev_rlzd_dt) avg_comm, sum(txn_ct)*1.00/count(distinct tran_rev_rlzd_dt) avg_ct
from dw_report.dw_aflt_tran_consolidated_f a left join dw_report.dw_aflt_prog_nm_d b
on a.prog_nm=b.src_aflt_prog_nm
where tran_rev_rlzd_dt between sysdate-7 and sysdate-1 and b.tracking=1
group by 1,2
order by 1 desc
) crrnt
left join
(Select prog_nm,sum(case when revenue_tran_in='True' then commission_am else 0 end)*1.00/count(distinct tran_rev_rlzd_dt) avg_comm, sum(txn_ct)*1.00/count(distinct tran_rev_rlzd_dt) avg_ct
from dw_report.dw_aflt_tran_consolidated_f
where tran_rev_rlzd_dt between sysdate-38 and sysdate-8
group by 1
order by 1 desc) hist
on crrnt.prog_nm=hist.prog_nm) dq;
	"
}
