{
	"DQ_Job_Name": "Comparison between individual lender table and consolidaed fact table",
	"DQ_Job_Group_Level1": "consolidated fact",
	"DQ_Job_Group_Level2": "Horizontal",
	"DQ_Job_Group_Level3": "DWH Transactions",
        "DQ_Job_Desc": "Report - Comparison between fact table and consolidaed table \n\n Please refer to the following link for metric definitions and thresholds.\nhttps://nerdwallet.atlassian.net/wiki/display/BIZANA/DQ+Check+Queries  ",
        "Github_Code":"https://github.com/NerdWallet/dwh/tree/master/Scripts/aflt_tran_consolidated_fact/pythonscripts/compare_cmm_cons_fct.json",
	"Email_TO": "analytics@nerdwallet.com", 
	"Email_CC": "",
	"Email_FROM": "dwh-dq@nerdwallet.com",
	"Fail_On_Error": "No",
	"DQ_Query": "
Select aflt_network_nm \"Network\",vertical,consolidated_cm \"Consolidated Commission\",fact_cm \"Lender Commission\",prct_comm_dev||'%' \"Commission diff\",consolidated_ct \"Consolidated txns\",fact_ct \"Lender txns\",prct_cnt_dev||'%' \"Txns diff\",
      case when abs(prct_comm_dev)=0 and  abs(prct_cnt_dev)=0 then 'SUCCESS'
        when abs(prct_comm_dev) between 0 and 1 and  abs(prct_cnt_dev) between 0 and 1 then 'WARNING'
        when abs(prct_comm_dev)+abs(prct_cnt_dev) between 0 and 1 then 'WARNING'
        else 'FAILURE' end as dq_status
from
(select nw.aflt_network_nm,vertical,round(cn_fct.commission_am,0) consolidated_cm,round(fct.commission_am,0) fact_cm,round(cn_fct.txn_ct,0) consolidated_ct,round(fct.txn_ct,0) fact_ct,
round((cn_fct.commission_am-coalesce(fct.commission_am,0))*100.00/nullif(cn_fct.commission_am,0),2) prct_comm_dev,
round((cn_fct.txn_ct-coalesce(fct.txn_ct,0))*100.00/nullif(cn_fct.txn_ct,0),2) prct_cnt_dev
from 
(Select aflt_network_id, sum(commission_am) commission_am, sum(txn_ct) txn_ct
from dw_report.dw_aflt_tran_investing_f
where dw_eff_dt between sysdate-30 and sysdate-2
group by 1
union all
Select aflt_network_id, sum(commission_am) commission_am,sum(case when coalesce(commission_am,0)>0 then 1 when coalesce(commission_am,0) < 0 then -1 else 0 end) txn_ct
from 
dw_report.dw_aflt_tran_growth_personal_loans_f, dw_report.ctl_dw_aflt_tran_personal_loans_f
where lower(prog_nm)=lower(lender) and lower(validated_in)='yes' and dw_eff_dt between sysdate-30 and sysdate-2
group by 1
union all
Select aflt_network_id, sum(commission_am) commission_am,sum(case when coalesce(commission_am,0)>0 then 1 when coalesce(commission_am,0) < 0 then -1 else 0 end) txn_ct
from 
dw_report.dw_aflt_tran_mortgages_loandepot_f
where dw_eff_dt between sysdate-30 and sysdate-2
group by 1
union all
Select aflt_network_id, sum(commission_am) commission_am,sum(case when coalesce(commission_am,0)>0 then 1 when coalesce(commission_am,0) < 0 then -1 else 0 end) txn_ct
from 
dw_report.dw_aflt_tran_mortgages_quickenloans_f
where dw_eff_dt between sysdate-30 and sysdate-2
group by 1
union all
Select aflt_network_id, sum(commission_am) commission_am,sum(case when coalesce(commission_am,0)>0 then 1 when coalesce(commission_am,0) < 0 then -1 else 0 end) txn_ct
from 
dw_report.dw_aflt_tran_link_share_brokers_f
where dw_eff_dt between sysdate-30 and sysdate-2
group by 1
union all
Select aflt_network_id, sum(commission_am),sum(case when coalesce(commission_am,0)>0 then 1 when coalesce(commission_am,0) < 0 then -1 else 0 end) txn_ct
from 
dw_report.dw_aflt_tran_link_share_coupons_f
where dw_eff_dt between sysdate-30 and sysdate-2
group by 1
union all
Select aflt_network_id, sum(commission_am),sum(case when coalesce(commission_am,0)>0 then 1 when coalesce(commission_am,0) < 0 then -1 else 0 end) txn_ct
from 
dw_report.dw_aflt_tran_link_share_prequal_f
where dw_eff_dt between sysdate-30 and sysdate-2
group by 1
union all
Select aflt_network_id, sum(commission_am),sum(case when coalesce(commission_am,0)>0 then 1 when coalesce(commission_am,0) < 0 then -1 else 0 end) txn_ct
from 
dw_report.dw_aflt_tran_flex_offers_publisher_f
where dw_eff_dt between sysdate-30 and sysdate-2
group by 1
union all
Select aflt_network_id, sum(commission_am),sum(case when coalesce(commission_am,0)>0 then 1 when coalesce(commission_am,0) < 0 then -1 else 0 end) txn_ct
from 
dw_report.dw_aflt_tran_flex_offers_client_f
where dw_eff_dt between sysdate-30 and sysdate-2
group by 1
union all
Select aflt_network_id, sum(commission_am),sum(case when coalesce(commission_am,0)>0 then 1 when coalesce(commission_am,0) < 0 then -1 else 0 end) txn_ct
from 
dw_report.dw_aflt_tran_comm_junc_f
where dw_eff_dt between sysdate-30 and sysdate-2
group by 1
union all
Select aflt_network_id, sum(cast(earning_am as numeric(10,2))),sum(case when cast(earning_am as numeric(10,2))>0 then 1 when cast(earning_am as numeric(10,2))<0 then -1 else 0 end) txn_ct
from 
dw_report.dw_aflt_tran_quinstreet_f
where dw_eff_dt between sysdate-30 and sysdate-2
group by 1
union all
Select aflt_network_id, sum(commision_am),sum(case when coalesce(commision_am,0)>0 then 1 when coalesce(commision_am,0) < 0 then -1 else 0 end) txn_ct
from 
dw_report.dw_aflt_fin_tran_f
where dw_eff_dt between sysdate-30 and sysdate-2
group by 1
union all
Select aflt_network_id, sum(commission_am),sum(case when coalesce(commission_am,0)>0 then 1 when coalesce(commission_am,0) < 0 then -1 else 0 end) txn_ct
from 
dw_report.dw_aflt_tran_credit_cards_f
where dw_eff_dt between sysdate-30 and sysdate-2
group by 1
union all
Select aflt_network_id, sum(cast(comm_payout_am as numeric(10,2))),sum(case when coalesce(cast(comm_payout_am as numeric(10,2)),0)>0 then 1 when coalesce(cast(comm_payout_am as numeric(10,2)),0)<0 then -1 else 0 end) txn_ct
from 
dw_report.dw_aflt_tran_impactradius_f
where dw_eff_dt between sysdate-30 and sysdate-2
group by 1
union all
Select aflt_network_id, sum(CAST(commission_am AS NUMERIC(10,2))),sum(case when coalesce(cast(commission_am as NUMERIC(10,2)),0)>0 then 1 when coalesce(cast(commission_am as NUMERIC(10,2)),0)<0 then -1 else 0 end) txn_ct
from 
dw_report.dw_aflt_tran_cake_partners_f
where dw_eff_dt between sysdate-30 and sysdate-2
group by 1
union all
Select aflt_network_id, sum(commission_am),sum(case when coalesce(commission_am,0)>0 then 1 when coalesce(commission_am,0) < 0 then -1 else 0 end) txn_ct
from 
dw_report.dw_aflt_tran_clickmeter_f
where dw_eff_dt between sysdate-30 and sysdate-2
group by 1
union all
Select aflt_network_id, sum(commission_am),sum(case when coalesce(commission_am,0)>0 then 1 when coalesce(commission_am,0) < 0 then -1 else 0 end) txn_ct
from 
dw_report.dw_aflt_tran_mortgages_sindeo_f
where dw_eff_dt between sysdate-30 and sysdate-2
group by 1
union all
Select aflt_network_id, sum(case when commission_am is null then 0.00 else commission_am end),sum(case when coalesce(commission_am,0)>0 then 1 when coalesce(commission_am,0)<0 then -1 else 0 end) txn_ct
from 
dw_report.dw_aflt_tran_mortgages_sindeo_f
where dw_eff_dt between sysdate-30 and sysdate-2
group by 1
union all
Select aflt_network_id, sum(commission_am),sum(click_ct) txn_ct
from 
dw_report.dw_aflt_tran_cnsmr_track_f
where dw_eff_dt between sysdate-30 and sysdate-2
group by 1) cn_fct
left join
(
Select aflt_network_id, sum(commission_am) commission_am,sum(txn_ct) txn_ct
from
dw_report.dw_aflt_tran_consolidated_f
where dw_eff_dt between sysdate-30 and sysdate-2
group by 1
) fct
on cn_fct.aflt_network_id=fct.aflt_network_id
left join dw_report.dw_aflt_network_d nw
on cn_fct.aflt_network_id=nw.aflt_network_id
left join 
(Select aflt_network_id,listagg(dw_catg_nm::text,', ') within group (order by dw_catg_nm desc) vertical
from
(Select aflt_network_id,dw_catg_nm
from
dw_report.dw_aflt_tran_consolidated_f
where dw_eff_dt between sysdate-30 and sysdate-2 and dw_catg_nm  ~ '.*[^[:digit:]]'
group by 1,2)
group by 1) vert
on cn_fct.aflt_network_id=vert.aflt_network_id
) dq 
order by 1;
"
}
