{
        "DQ_Job_Name": "consolidated fact - Repeated clickids",
        "DQ_Job_Group_Level1": "consolidated fact",
        "DQ_Job_Group_Level2": "Horizontal",
        "DQ_Job_Group_Level3": "DWH Transactions",
    "DQ_Job_Desc": "Report - Repeated click ids",
        "Github_Code":"https://github.com/NerdWallet/dwh/tree/master/Scripts/aflt_tran_consolidated_fact/pythonscripts/repeated_dw_click_id.json",
        "Email_TO": "analytics@nerdwallet.com",
        "Email_CC": "",
        "Email_FROM": "dwh-dq@nerdwallet.com",
        "Fail_On_Error": "No",
        "DQ_Query": "
Select
case when b.cnt between 1 and 4 then '1-4'
when b.cnt between 5 and 10 then '5-10'
when b.cnt between 11 and 25 then '11-25'
when b.cnt between 26 and 50 then '26-50'
when b.cnt between 51 and 75 then '51-75'
when b.cnt between 75 and 100 then '75-100'
when b.cnt >100 then '>100'
end \"Repeated count\",
count(distinct b.dw_click_id) \"No of Repeated clicks\",
count(b.cnt) \"Total clickids\",
case when b.cnt between 1 and 4 then 'WARNING'
     when b.cnt>4 then 'FAILURE'
     end dq_status
from
dw_report.dw_aflt_tran_consolidated_f a
join
(Select dw_click_id,count(distinct aflt_network_tran_id) cnt
from dw_report.dw_aflt_tran_consolidated_f
where revenue_tran_in='True' and dw_click_id is not null and dw_eff_dt between sysdate-30 and sysdate
group by 1
having count(distinct aflt_network_tran_id)>2) b
on
a.dw_click_id=b.dw_click_id
where dw_eff_dt between sysdate-30 and sysdate
group by 1,4
having count(b.cnt)>2;
"
}
