{
    "dq_job_name": "mktg_fb_adset_perf_f",
    "dq_job_group_level1": "Digital Marketing",
    "dq_job_group_level2": "campaign performance",
    "dq_job_group_level3": "Facebook performance: campaign vs adset - $$ mismatch",
    "dq_job_desc": "Data compare between dw_report.mktg_fb_campaign_perf_f & dw_report.mktg_fb_adset_perf_f. Threshold: (abs(camp.clicks_ct - cons.clicks_ct) > 100 OR abs(camp.imprsn_ct - cons.imprsn_ct) > 10000  OR abs(camp.cost_am - cons.cost_am) > 10)",
    "email_to": "marketing-analytics@nerdwallet.com,ssundara@nerdwallet.com,jyoo@nerdwallet.com",
    "email_cc": "",
    "email_from": "dwh-dq@nerdwallet.com",
    "fail_on_error": "No",
    "run_as_command": "",
    "dq_table_name": "dw_report.mktg_fb_adset_perf_f",
    "dq_check_type": "DWH",
    "dq_pod": "Marketing",
    "dq_spec_json": "",
    "dq_query": "SELECT
  'mktg_fb_campaign_perf_f' campaign_src
  , camp.*
  , 'mktg_fb_adset_f' adset_src
  , adset.*
  , (camp.clicks_ct - adset.clicks_ct) inline_link_clicks_ct_diff
  , (camp.imprsn_ct - adset.imprsn_ct) imprsn_ct_diff
  , (camp.spend_am - adset.spend_am) spend_am_diff
  , 'FAILURE' AS dq_status

FROM
  (SELECT
     dw_eff_dt
     , campaign_domain_id
     , ext_customer_id
     , campaign_id
     , campaign_nm
     , sum(inline_link_clicks_ct) clicks_ct
     , sum(imprsn_ct) imprsn_ct
     , sum(spend_am) spend_am
   FROM
     dw_report.mktg_fb_campaign_perf_f
   WHERE
     dw_eff_dt < (trunc(getdate()) - 1)
   GROUP BY 1, 2, 3, 4, 5) camp
  LEFT JOIN
  (SELECT
     dw_eff_dt
     , campaign_domain_id
     , ext_customer_id
     , campaign_id
     , campaign_nm
     , sum(inline_link_clicks_ct) clicks_ct
     , sum(imprsn_ct) imprsn_ct
     , sum(spend_am) spend_am
   FROM
     dw_report.mktg_fb_adset_perf_f
   WHERE
     dw_eff_dt < (trunc(getdate()) - 1)
   GROUP BY 1, 2, 3, 4, 5) adset
    ON
      camp.dw_eff_dt = adset.dw_eff_dt
      AND camp.campaign_domain_id = adset.campaign_domain_id
      AND camp.ext_customer_id = adset.ext_customer_id
      AND camp.campaign_id = adset.campaign_id
WHERE
  (abs(camp.clicks_ct - adset.clicks_ct) > 100 OR abs(camp.imprsn_ct - adset.imprsn_ct) > 10000
   OR abs(camp.spend_am - adset.spend_am) > 10);",
    "dq_priority_group": "P0",
    "github_code": "https://github.com/NerdWallet/dwh/blob/master/Scripts/mktg_fb_adset_perf_f/pythonscripts/mktg_fb_adset_campaign_lvl_data_compare.json",
    "dq_action": "Please investigate why there is a difference in impressions, clicks, spend metrics for campaigns between campaign perf fact table and adset perf fact table"
}