{
  "dw_ba_report": {
    "owner": "nw_bai_etl",
    "group_permissions": {
      "grp_ba_users": ["all"],
      "grp_etl": ["all"]
    }
  },
  "dw_ba_stage": {
    "owner": "nw_bai_etl",
    "group_permissions": {
      "grp_ba_users": ["all"],
      "grp_bi_tool_users": ["select"],
      "grp_data_users": ["select"],
      "grp_etl": ["all"],
      "grp_power_users": ["select"],
      "grp_redash": ["select"]
    }
  },
  "dw_pud_report": {
    "owner": "nw_dwh_etl",
    "group_permissions": {
      "grp_etl_secured": ["all"]
    }
  },
  "dw_pud_stage": {
    "owner": "nw_dwh_etl",
    "group_permissions": {
      "grp_etl_secured": ["all"],
      "grp_bai_secured": ["select"]
    }
  },
  "dw_pud_views": {
    "owner": "nw_dwh_etl",
    "group_permissions": {
      "grp_bai_secured": ["select"],
      "grp_data_users_secured": ["select"],
      "grp_data_science": ["select"],
      "grp_etl_secured": ["select"],
      "grp_pud_data_users": ["select"]
    }
  },
  "dw_report": {
    "owner": "nw_dwh_etl",
    "group_permissions": {
      "grp_etl": ["all"],
      "grp_ba_users": ["all"],
      "grp_data_users": ["select"],
      "grp_power_users": ["select"],
      "grp_bi_tool_users": ["select"],
      "grp_redash": ["select"]
    }
  },
  "dw_stage": {
    "owner": "nw_dwh_etl",
    "group_permissions": {
      "grp_etl": ["all"],
      "grp_ba_users": ["all"]
    }
  },
  "dw_views": {
    "owner": "nw_dwh_etl",
    "user_permissions": {
      "nw_bai_etl": ["select"]
    },
    "group_permissions": {
      "grp_ba_users": ["select"],
      "grp_data_users": ["select"],
      "grp_power_users": ["select"],
      "grp_bi_tool_users": ["select"],
      "grp_redash": ["select"]
    }
  }
}
