{
    "DQ_Job_Name": "mktg_fb_app_offline_conv_upload_f",
    "DQ_Job_Desc": "FB Conversion Upload : Daily number of people dropped off in application",
    "DQ_Job_Group_Level3": "Marketing",
    "DQ_Pod": "Marketing Facebook",
    "DQ_Table_Name": "dw_report.mktg_fb_app_offline_conv_upload_f",
    "DQ_Query": "select dw_eff_dt, count(*) count, 'NOTIFY' dq_status from dw_report.mktg_fb_app_offline_conv_upload_f where dw_eff_dt = (sysdate-1)::date group by 1;",
    "Fail_On_Error": "No",
    "Email_TO": "marketing-analytics@nerdwallet.com,jyoo@nerdwallet.com,jgorrell@nerdwallet.com",
    "DQ_Job_Group_Level2": "Horizontal",
    "Email_CC": "",
    "DQ_Check_Type": "Business DQ Check",
    "DQ_Job_Group_Level1": "Facebook application upload",
    "Email_FROM": "dwh-dq@nerdwallet.com"
}
