{
    "DQ_Job_Name": "DWH and Logger Event - Tracking Counts of Files and Records",
    "DQ_Job_Desc": "Tracking Event files and records b/w DWH and logger. If abs((dwh - logger) / logger) > 1% or diff count > 3, send out the report. Data is based on dw_report.ctl_event_file_tracking and Event Fact tables.",
    "DQ_Job_Group_Level3": "DW Core - Events",
    "DQ_Pod": "Core Clicks",
    "DQ_Table_Name": "dw_report.ctl_event_file_tracking",
    "DQ_Query": "\nselect logs3.event_name, logs3.dw_eff_dt, logs3.cnt_of_daily_files, logs3.cnt_of_logger_records, logs3.cnt_of_s3_records, logs3.diff_cnt_of_s3_vs_logger, logs3.diff_pct_of_s3_vs_logger\n, case when dwh.event_name is null then 0 else dwh.cnt_of_DWH_Prod end as cnt_of_DWH_Prod \n, (case when dwh.event_name is null then 0 else dwh.cnt_of_DWH_Prod end - logs3.cnt_of_logger_records) as diff_cnt_of_dwh_vs_logger\n, cast(\n    (case when logs3.cnt_of_logger_records=0 then 0 \n          else (case when dwh.event_name is null then 0 else dwh.cnt_of_DWH_Prod end \n              - logs3.cnt_of_logger_records\n               ) * 1.0000/logs3.cnt_of_logger_records * 1.0000 \n     end) * 100 \n    as numeric(16,2)\n  ) as diff_pct_of_dwh_vs_logger\n, case when dwh.event_name is null then 'Notify' else 'Warning' end as dq_status \nfrom \n(\n  select event_name, dw_eff_dt, cnt_of_daily_files, cnt_of_logger_records, cnt_of_s3_records\n  , (cnt_of_s3_records - cnt_of_logger_records) as diff_cnt_of_s3_vs_logger\n  , cast((case when cnt_of_logger_records=0 then 0 else (cnt_of_s3_records - cnt_of_logger_records)*1.0000/cnt_of_logger_records*1.0000 end)*100 as numeric(16,2)) as diff_pct_of_s3_vs_logger\n  from \n  (\n    select object_nm as event_name, logger_dt as dw_eff_dt, count(1) as cnt_of_daily_files, sum(logger_record_ct) as cnt_of_logger_records, sum(s3_record_ct) as cnt_of_s3_records\n    from dw_report.ctl_event_file_tracking \n    where logger_dt > trunc(sysdate) - 8\n      and logger_dt < trunc(sysdate)\n    group by 1,2\n  ) sub\n) logs3 \nleft join \n( \nselect 'OptimizelyExperimentsEvent' as event_name, dw_eff_dt, count(1) as cnt_of_DWH_Prod from dw_report.dw_page_view_event_exp_var_xref_f \nwhere expr_platform_nm='Optimizely' and dw_eff_dt > trunc(sysdate) - 8 and dw_eff_dt < trunc(sysdate) group by 1,2\nunion\nselect 'PageViewEvent' as event_name, dw_eff_dt, count(1) as cnt_of_DWH_Prod from dw_report.dw_page_view_event_f \nwhere dw_eff_dt > trunc(sysdate) - 8 and dw_eff_dt < trunc(sysdate) group by 1,2\nunion\nselect \ncase \nwhen dw_src_sys_id=1 then 'CCClickEvent'\nwhen dw_src_sys_id=2 then 'BrokersClickEvent'\nwhen dw_src_sys_id=3 then 'MySql Clicks from 3'\nwhen dw_src_sys_id=4 then 'CreditScoreClickEvent'\nwhen dw_src_sys_id=5 then 'InsuranceClickEvent'\nwhen dw_src_sys_id=6 then 'GenericClickEvent'\nwhen dw_src_sys_id=7 then 'PrepaidClickEvent'\nwhen dw_src_sys_id=8 then 'RateClickEvent'\nwhen dw_src_sys_id=9 then 'TaxesClickEvent'\nwhen dw_src_sys_id=10 then NULL\nwhen dw_src_sys_id=11 then 'InsuranceProductClickEvent'\nwhen dw_src_sys_id=12 then 'ShoppingClickEvent'\nwhen dw_src_sys_id=13 then 'SMBClickEvent'\nwhen dw_src_sys_id=14 then 'PersonalLoansClickEvent'\nelse null \nend as event_name, dw_eff_dt, count(1) as cnt_of_DWH_Prod from dw_report.dw_clicks_event_f \nwhere dw_eff_dt > trunc(sysdate) - 8 and dw_eff_dt < trunc(sysdate) group by 1,2\nunion \nselect event_name, dw_eff_dt, sum(cnt_of_DWH_Prod) as cnt_of_DWH_Prod \nfrom \n(\nselect 'LoginIdentityEvent' as event_name, dw_eff_dt, count(1) as cnt_of_DWH_Prod from dw_report.dw_identity_event_f \nwhere actvy_type_cd = 'LOGIN' and dw_eff_dt > trunc(sysdate) - 8 and dw_eff_dt < trunc(sysdate) group by 1,2\nunion \nselect 'LogoutIdentityEvent' as event_name, dw_eff_dt, count(1) as cnt_of_DWH_Prod from dw_report.dw_identity_event_f \nwhere actvy_type_cd = 'LOGOUT' and dw_eff_dt > trunc(sysdate) - 8 and dw_eff_dt < trunc(sysdate) group by 1,2\nunion \nselect 'DeactivateIdentityEvent' as event_name, dw_eff_dt, count(1) as cnt_of_DWH_Prod from dw_report.dw_identity_event_f \nwhere actvy_type_cd = 'DEACTIVATE' and dw_eff_dt > trunc(sysdate) - 8 and dw_eff_dt < trunc(sysdate) group by 1,2\nunion \nselect 'RegisterIdentityEvent' as event_name, dw_eff_dt, count(1) as cnt_of_DWH_Prod from dw_report.dw_identity_event_f \nwhere actvy_type_cd = 'REGISTER' and dw_eff_dt > trunc(sysdate) - 8 and dw_eff_dt < trunc(sysdate) group by 1,2\nunion\nselect 'BrokersImpressionEvent' as event_name, dw_eff_dt, count(1) as cnt_of_DWH_Prod from dw_report.dw_prod_imprsn_event_broker_f \nwhere dw_eff_dt > trunc(sysdate) - 8 and dw_eff_dt < trunc(sysdate) group by 1,2\nunion\nselect 'CCImpressionEvent' as event_name, dw_eff_dt, count(1) as cnt_of_DWH_Prod from dw_report.dw_prod_imprsn_event_cc_f \nwhere dw_eff_dt > trunc(sysdate) - 8 and dw_eff_dt < trunc(sysdate) group by 1,2\nunion\nselect 'PersonalLoansImpressionEvent' as event_name, dw_eff_dt, count(1) as cnt_of_DWH_Prod from dw_report.dw_prod_imprsn_event_pl_f \nwhere dw_eff_dt > trunc(sysdate) - 8 and dw_eff_dt < trunc(sysdate) group by 1,2\nunion\nselect 'SMBImpressionEvent' as event_name, dw_eff_dt, count(1) as cnt_of_DWH_Prod from dw_report.dw_prod_imprsn_event_smb_f \nwhere dw_eff_dt > trunc(sysdate) - 8 and dw_eff_dt < trunc(sysdate) group by 1,2\nunion\nselect 'InsuranceImpressionEvent' as event_name, dw_eff_dt, count(1) as cnt_of_DWH_Prod from dw_report.dw_prod_imprsn_event_ins_f \nwhere dw_eff_dt > trunc(sysdate) - 8 and dw_eff_dt < trunc(sysdate) group by 1,2\nunion\nselect 'ProductInteractionEvent' as event_name, dw_eff_dt, count(1) as cnt_of_DWH_Prod from dw_report.dw_prod_intactn_event_f \nwhere dw_eff_dt > trunc(sysdate) - 8 and dw_eff_dt < trunc(sysdate) group by 1,2\nunion\nselect 'FormInputChangedEvent' as event_name, dw_eff_dt, count(1) as cnt_of_DWH_Prod from dw_report.dw_pv_form_input_chg_event_f \nwhere dw_eff_dt > trunc(sysdate) - 8 and dw_eff_dt < trunc(sysdate) group by 1,2\nunion\nselect 'HeartbeatEvent' as event_name, dw_eff_dt, count(1) as cnt_of_DWH_Prod from dw_report.dw_pv_heart_beat_event_f \nwhere dw_eff_dt > trunc(sysdate) - 8 and dw_eff_dt < trunc(sysdate) group by 1,2\nunion\nselect 'SMBPrequalOfferEvent' as event_name, dw_eff_dt, count(1) as cnt_of_DWH_Prod from dw_report.dw_prequal_offer_event_smb_f \nwhere dw_eff_dt > trunc(sysdate) - 8 and dw_eff_dt < trunc(sysdate) group by 1,2\nunion\nselect 'PersonalLoansPrequalOfferEvent' as event_name, dw_eff_dt, count(1) as cnt_of_DWH_Prod from dw_report.dw_prequal_offer_event_pl_f \nwhere dw_eff_dt > trunc(sysdate) - 8 and dw_eff_dt < trunc(sysdate) group by 1,2\nunion \nselect 'JoinEvent' as event_name, dw_eff_dt, count(1) as cnt_of_DWH_Prod from dw_report.dw_join_event_f \nwhere dw_eff_dt > trunc(sysdate) - 8 and dw_eff_dt < trunc(sysdate) group by 1,2\nunion\nselect \ncase \nwhen event_type_cd='EMAIL_BOUNCE_EVENT' then 'EmailBounceEvent' \nwhen event_type_cd='EMAIL_CLICK_EVENT'  then 'EmailClickEvent' \nwhen event_type_cd='EMAIL_OPEN_EVENT'   then 'EmailOpenEvent' \nwhen event_type_cd='EMAIL_SEND_EVENT'   then 'EmailSendEvent' \nend as event_name, dw_eff_dt, count(1) as cnt_of_DWH_Prod from dw_report.dw_email_event_f \nwhere dw_eff_dt > trunc(sysdate) - 8 and dw_eff_dt < trunc(sysdate) group by 1,2\nunion\nselect 'RoleChangeEvent' as event_name, dw_eff_dt, count(1) as cnt_of_DWH_Prod from dw_report.dw_identity_role_chg_event_f \nwhere dw_eff_dt > trunc(sysdate) - 8 and dw_eff_dt < trunc(sysdate) group by 1,2\n) dwh\n on logs3.event_name = dwh.event_name\nand logs3.dw_eff_dt  = dwh.dw_eff_dt\nwhere abs(cast(\n    (case when logs3.cnt_of_logger_records=0 then 0 \n          else (case when dwh.event_name is null then 0 else dwh.cnt_of_DWH_Prod end \n              - logs3.cnt_of_logger_records\n               ) * 1.0000/logs3.cnt_of_logger_records * 1.0000 \n     end) * 100 \n    as numeric(16,2)\n  )) > 1\n  and abs(case when dwh.event_name is null then 0 else dwh.cnt_of_DWH_Prod end - logs3.cnt_of_logger_records) > 3\norder by 1,2\n;\n",
    "Fail_On_Error": "No",
    "Email_TO": "dwh@nerdwallet.com, mshire@nerdwallet.com",
    "DQ_Job_Group_Level2": "Horizontal",
    "Email_CC": "",
    "DQ_Check_Type": "Business DQ Check",
    "DQ_Job_Group_Level1": "Sessions Count",
    "Email_FROM": "dwh-dq@nerdwallet.com"
}